SYMBOL,SERIES,OPEN,HIGH,LOW,CLOSE,LAST,PREVCLOSE,TOTTRDQTY,TOTTRDVAL,TIMESTAMP,TOTALTRADES,ISIN
20MICRONS,EQ,37.8,37.8,36.15,36.85,37.4,37.05,27130,994657.9,2017-06-28,202,INE144J01027
3IINFOTECH,EQ,4.1,4.85,4.0,4.55,4.65,4.05,20157058,92148517.65,2017-06-28,7353,INE748C01020
3MINDIA,EQ,13425.15,13469.55,12920.0,13266.7,13300.0,13460.55,2290,30304923.35,2017-06-28,748,INE470A01017
63MOONS,EQ,61.0,61.9,60.35,61.0,61.1,60.65,27701,1689421.0,2017-06-28,437,INE111B01023
8KMILES,EQ,546.1,548.0,535.0,537.45,535.2,547.45,79722,43208620.05,2017-06-28,1866,INE650K01021
A2ZINFRA,EQ,41.3,43.0,41.25,42.0,41.9,41.5,606403,25531181.75,2017-06-28,3418,INE619I01012
AARTIDRUGS,EQ,539.9,539.9,520.0,521.85,522.2,536.55,8560,4508881.6,2017-06-28,569,INE767A01016
AARTIIND,EQ,890.95,894.9,876.9,891.3,890.0,890.0,39201,34825375.6,2017-06-28,2778,INE769A01020
AARVEEDEN,EQ,58.2,61.2,57.0,59.5,59.8,58.85,14401,855816.85,2017-06-28,223,INE273D01019
ABAN,EQ,183.0,184.65,180.8,182.1,181.9,182.65,447698,81789443.55,2017-06-28,5449,INE421A01028
ABB,EQ,1444.0,1459.7,1424.0,1452.0,1452.5,1440.75,49387,71439819.25,2017-06-28,15129,INE117A01022
ABBOTINDIA,EQ,4300.0,4305.0,4230.0,4236.1,4236.25,4243.25,717,3042690.85,2017-06-28,151,INE358A01014
ABFRL,EQ,169.75,173.3,166.2,166.55,166.75,169.95,383781,65051305.1,2017-06-28,4460,INE647O01011
ABGSHIP,BZ,13.85,13.85,13.8,13.85,13.85,13.2,62369,863788.15,2017-06-28,118,INE067H01016
ABIRLANUVO,EQ,1806.0,1816.95,1791.5,1804.45,1812.65,1811.9,679929,1226013782.4,2017-06-28,15261,INE069A01017
ABMINTLTD,BE,100.0,100.0,96.3,96.35,96.35,101.35,426,41458.5,2017-06-28,14,INE251C01017
ACC,EQ,1573.0,1591.9,1541.25,1580.05,1578.05,1578.55,693964,1087888614.8,2017-06-28,27799,INE012A01025
ACCELYA,EQ,1326.0,1339.0,1320.0,1331.0,1331.0,1326.7,577,766892.6,2017-06-28,93,INE793A01012
ACE,EQ,67.5,69.85,66.65,68.8,68.7,67.45,220159,15120532.5,2017-06-28,1591,INE731H01025
ADANIENT,EQ,132.3,136.7,132.1,134.4,134.2,131.0,14293742,1925870944.95,2017-06-28,61862,INE423A01024
ADANIPORTS,EQ,368.4,369.65,363.05,364.5,364.35,367.7,2394375,876217934.5,2017-06-28,53764,INE742F01042
ADANIPOWER,EQ,27.1,28.45,26.75,28.25,28.35,27.1,12240267,340122683.45,2017-06-28,21224,INE814H01011
ADANITRANS,EQ,125.75,128.65,119.0,123.25,123.05,124.05,1234126,153938120.75,2017-06-28,9268,INE931S01010
ADFFOODS,EQ,245.1,254.8,242.1,247.95,247.0,246.85,251247,62460769.45,2017-06-28,4060,INE982B01019
ADHUNIK,EQ,5.75,6.0,5.75,5.8,5.8,5.85,25759,150245.0,2017-06-28,1113,INE400H01019
ADHUNIKIND,EQ,102.3,104.8,95.1,100.45,97.05,100.5,272916,27640589.05,2017-06-28,1082,INE452L01012
ADLABS,EQ,76.2,79.3,76.2,76.75,77.0,77.25,433724,33751086.8,2017-06-28,3943,INE172N01012
ADORWELD,EQ,369.05,372.35,366.5,370.1,369.95,370.3,5050,1867987.2,2017-06-28,361,INE045A01017
ADSL,BE,25.0,25.7,25.0,25.35,25.4,25.4,29046,730960.8,2017-06-28,73,INE102I01027
ADVANIHOTR,EQ,56.7,58.45,55.6,56.55,56.65,56.8,8210,469179.0,2017-06-28,110,INE199C01026
ADVENZYMES,EQ,318.0,329.8,311.0,323.05,322.7,316.75,545246,175397892.6,2017-06-28,7913,INE837H01020
AEGISCHEM,EQ,184.8,185.7,180.0,185.15,185.1,182.7,79110,14555822.85,2017-06-28,1444,INE208C01025
AFL,BE,50.25,51.0,50.25,51.0,51.0,50.9,520,26145.0,2017-06-28,7,INE020G01017
AGARIND,BE,689.0,690.0,672.0,678.0,678.0,674.0,474,321055.5,2017-06-28,19,INE204E01012
AGCNET,BE,124.25,128.8,123.0,123.1,126.0,124.45,1244,154419.5,2017-06-28,14,INE676A01019
AGRITECH,EQ,58.95,58.95,55.8,55.8,55.8,58.7,13215,743989.15,2017-06-28,168,INE449G01018
AGROPHOS,SM,20.5,20.5,20.5,20.5,20.5,20.85,6000,123000.0,2017-06-28,1,INE740V01019
AHLEAST,EQ,290.0,290.0,290.0,290.0,290.0,290.0,233,67570.0,2017-06-28,4,INE926K01017
AHLUCONT,EQ,322.15,327.55,320.05,321.95,320.1,320.05,34586,11143794.45,2017-06-28,220,INE758C01029
AHLWEST,EQ,165.0,168.0,165.0,165.0,165.0,163.1,365,60235.0,2017-06-28,11,INE915K01010
AIAENG,EQ,1349.55,1369.0,1330.55,1354.8,1348.95,1347.05,121696,164749702.5,2017-06-28,3159,INE212H01026
AIFL,EQ,418.0,434.0,418.0,422.2,419.8,419.3,130566,55703255.4,2017-06-28,3186,INE428O01016
AIRAN,SM,153.85,153.85,153.85,153.85,153.85,152.0,3000,461550.0,2017-06-28,1,INE645W01018
AJANTPHARM,EQ,1519.0,1559.4,1507.05,1548.25,1544.05,1517.35,134757,207145165.1,2017-06-28,8396,INE031B01049
AJMERA,EQ,212.85,220.5,207.25,218.8,218.55,212.9,70640,15278350.95,2017-06-28,2242,INE298G01027
AKASH,SM,102.0,102.0,100.0,100.0,100.0,101.0,100000,10006100.0,2017-06-28,25,INE737W01013
AKSHARCHEM,EQ,760.95,772.0,750.0,757.1,760.0,765.5,5070,3849667.1,2017-06-28,446,INE542B01011
AKSHOPTFBR,EQ,17.2,17.25,17.0,17.05,17.1,17.1,409778,6994860.45,2017-06-28,922,INE523B01011
AKZOINDIA,EQ,1810.0,1865.95,1801.05,1839.45,1825.1,1812.85,9218,16916949.1,2017-06-28,1587,INE133A01011
ALANKIT,BE,33.35,33.85,33.05,33.3,33.3,33.45,351658,11755510.9,2017-06-28,466,INE914E01040
ALBERTDAVD,EQ,307.0,315.0,307.0,310.85,314.0,307.7,2210,685666.55,2017-06-28,73,INE155C01010
ALBK,EQ,66.6,67.45,65.8,67.0,67.05,67.0,3255224,217836883.65,2017-06-28,16001,INE428A01015
ALCHEM,EQ,15.55,15.55,14.2,15.25,15.3,15.6,16581,246493.55,2017-06-28,136,INE964B01033
ALEMBICLTD,EQ,38.4,38.8,37.7,38.35,38.3,37.85,257835,9867629.25,2017-06-28,1403,INE426A01027
ALICON,EQ,477.0,492.4,477.0,485.5,483.55,478.9,2007,978374.2,2017-06-28,93,INE062D01024
ALKALI,EQ,64.5,64.5,62.0,62.6,63.4,64.3,15227,967056.0,2017-06-28,178,INE773I01017
ALKEM,EQ,1811.9,1855.0,1811.85,1835.45,1834.5,1829.45,13685,25081241.75,2017-06-28,2090,INE540L01014
ALKYLAMINE,EQ,376.0,380.0,375.2,378.8,379.0,377.55,35476,13399385.15,2017-06-28,182,INE150B01021
ALLCARGO,EQ,172.8,175.6,170.5,171.45,170.8,172.55,138422,23870479.15,2017-06-28,2330,INE418H01029
ALLSEC,EQ,313.95,334.9,313.55,326.05,327.0,314.2,10594,3415849.9,2017-06-28,490,INE835G01018
ALMONDZ,EQ,18.55,18.6,17.5,18.35,18.0,18.05,44547,798551.5,2017-06-28,165,INE326B01027
ALOKTEXT,EQ,2.65,2.7,2.5,2.6,2.65,2.7,4575834,11882600.9,2017-06-28,1246,INE270A01011
ALPA,BE,31.4,31.4,29.55,30.35,30.5,30.25,11418,343728.25,2017-06-28,62,INE385I01010
ALPHAGEO,EQ,825.75,832.95,809.0,811.0,809.7,819.05,29262,23949459.9,2017-06-28,1428,INE137C01018
ALPSINDUS,EQ,6.15,6.15,6.0,6.1,6.05,6.05,18469,111813.1,2017-06-28,40,INE093B01015
AMARAJABAT,EQ,837.0,846.6,834.05,839.4,837.05,839.3,324581,272898499.25,2017-06-28,10262,INE885A01032
AMBIKCO,EQ,1257.1,1258.0,1250.0,1253.05,1250.25,1257.4,1099,1378592.6,2017-06-28,121,INE540G01014
AMBUJACEM,EQ,240.8,246.45,237.05,245.65,246.2,240.75,3461166,841781013.0,2017-06-28,48277,INE079A01024
AMDIND,EQ,26.45,26.45,25.8,26.05,26.05,26.15,8492,221530.05,2017-06-28,62,INE005I01014
AMRUTANJAN,EQ,680.0,683.75,670.35,678.35,675.0,683.75,2827,1911819.2,2017-06-28,344,INE098F01023
AMTEKAUTO,EQ,27.75,30.5,27.75,29.5,30.45,29.2,4671534,134530990.75,2017-06-28,12423,INE130C01021
ANANTRAJ,EQ,57.25,59.1,56.65,57.85,57.95,57.6,903856,52485919.5,2017-06-28,4754,INE242C01024
ANDHRABANK,EQ,52.6,54.25,52.4,53.95,54.05,53.45,3191618,170897315.9,2017-06-28,7202,INE434A01013
ANDHRACEMT,EQ,9.1,9.2,8.9,8.9,8.9,9.15,66410,597419.75,2017-06-28,127,INE666E01012
ANDHRSUGAR,EQ,328.5,333.6,327.2,330.2,330.65,328.2,19219,6378301.45,2017-06-28,421,INE715B01013
ANGIND,EQ,7.15,7.4,7.1,7.3,7.3,7.35,10977,79254.35,2017-06-28,60,INE017D01010
ANIKINDS,BE,26.25,26.25,24.65,25.5,25.5,25.0,1040,25690.2,2017-06-28,8,INE087B01017
ANKITMETAL,EQ,1.2,1.3,1.15,1.2,1.2,1.25,152635,189640.85,2017-06-28,92,INE106I01010
ANSALAPI,EQ,28.7,28.7,27.4,27.6,27.8,28.6,513789,14338258.4,2017-06-28,3347,INE436A01026
ANSALHSG,EQ,27.5,27.95,26.75,26.9,26.85,27.8,63814,1738128.75,2017-06-28,354,INE880B01015
ANTGRAPHIC,BE,1.5,1.5,1.5,1.5,1.5,1.55,4034,6051.0,2017-06-28,7,INE414B01021
APARINDS,EQ,755.95,758.0,742.3,751.5,753.4,755.85,15006,11214162.3,2017-06-28,748,INE372A01015
APCL,EQ,212.2,222.95,212.15,217.2,216.6,219.85,1051,229289.55,2017-06-28,48,INE071F01012
APCOTEXIND,EQ,406.3,408.0,392.65,395.9,398.0,401.8,6956,2763968.75,2017-06-28,340,INE116A01024
APLAPOLLO,EQ,1552.1,1552.1,1510.0,1521.15,1511.05,1533.35,7484,11495117.8,2017-06-28,922,INE702C01019
APLLTD,EQ,505.0,509.1,498.0,505.15,505.0,504.25,68560,34524233.25,2017-06-28,4173,INE901L01018
APOLLOHOSP,EQ,1279.0,1285.1,1261.45,1276.35,1279.0,1279.6,194333,248225704.05,2017-06-28,9788,INE437A01024
APOLLOTYRE,EQ,240.0,245.75,237.5,244.3,245.1,243.25,4211405,1016691003.9,2017-06-28,47558,INE438A01022
APOLSINHOT,EQ,789.75,789.75,772.05,789.0,789.0,754.8,8,6297.2,2017-06-28,5,INE451F01016
APTECHT,EQ,192.0,195.4,188.9,191.9,191.0,192.35,391382,75610630.75,2017-06-28,4793,INE266F01018
ARCHIDPLY,EQ,85.9,88.45,83.85,86.0,85.6,86.75,70562,6093363.0,2017-06-28,979,INE877I01016
ARCHIES,EQ,29.75,31.0,29.65,30.6,30.35,30.25,74453,2259654.95,2017-06-28,321,INE731A01020
ARCOTECH,EQ,93.9,104.3,92.6,97.45,96.4,96.25,2264763,225858900.2,2017-06-28,18621,INE574I01035
ARIES,EQ,148.5,153.55,147.0,150.05,149.15,148.5,42389,6404705.2,2017-06-28,1317,INE298I01015
ARIHANTSUP,EQ,187.05,187.6,183.5,184.25,184.15,185.85,751763,139079274.25,2017-06-28,4443,INE643K01018
ARMANFIN,EQ,195.95,195.95,188.0,188.95,188.2,191.25,6899,1302422.35,2017-06-28,111,INE109C01017
AROGRANITE,EQ,73.0,73.5,71.65,73.0,73.25,73.05,17914,1303970.65,2017-06-28,299,INE210C01013
ARROWGREEN,EQ,571.35,574.8,551.0,555.25,554.0,542.55,153582,86097437.75,2017-06-28,5196,INE570D01018
ARROWTEX,EQ,45.3,45.5,44.6,44.9,44.6,45.0,6949,312011.25,2017-06-28,72,INE933J01015
ARSHIYA,EQ,67.15,70.4,67.0,67.7,68.5,68.05,76523,5255619.4,2017-06-28,727,INE968D01022
ARSSINFRA,EQ,64.7,65.95,64.0,64.8,64.5,64.8,90408,5866561.3,2017-06-28,1641,INE267I01010
ARVIND,EQ,359.5,364.6,353.25,356.1,356.05,360.2,1112671,398824685.3,2017-06-28,15554,INE034A01011
ARVSMART,EQ,135.95,136.95,133.0,133.95,134.0,135.45,44067,5960436.0,2017-06-28,500,INE034S01021
ASAHIINDIA,EQ,243.0,245.4,240.1,243.7,242.3,243.1,18757,4544180.0,2017-06-28,421,INE439A01020
ASAHISONG,EQ,279.5,285.4,279.5,280.75,280.25,281.55,7846,2208622.3,2017-06-28,213,INE228I01012
ASAL,EQ,70.0,70.5,67.0,67.7,68.0,70.5,11637,803797.9,2017-06-28,72,INE900C01027
ASHAPURMIN,EQ,57.25,57.3,56.05,56.25,56.2,57.65,43758,2477785.7,2017-06-28,488,INE348A01023
ASHIANA,EQ,196.0,197.0,188.4,190.05,189.65,195.55,53087,10151982.95,2017-06-28,1120,INE365D01021
ASHIMASYN,EQ,18.95,19.35,18.6,18.75,18.7,19.05,124406,2350683.85,2017-06-28,380,INE440A01010
ASHOKA,EQ,182.75,187.35,178.75,183.65,182.45,182.75,122700,22461348.55,2017-06-28,1882,INE442H01029
ASHOKLEY,EQ,90.9,92.75,90.0,92.2,92.55,91.1,4941835,453450561.2,2017-06-28,24606,INE208A01029
ASIANHOTNR,EQ,134.95,136.0,130.1,130.25,130.25,129.0,2393,316197.0,2017-06-28,35,INE363A01022
ASIANPAINT,EQ,1125.0,1128.85,1099.0,1109.15,1110.0,1134.15,930404,1031024935.0,2017-06-28,38589,INE021A01026
ASIANTILES,EQ,417.5,429.0,417.5,423.55,423.0,418.45,303671,128825301.2,2017-06-28,2248,INE022I01019
ASIL,EQ,0.8,0.8,0.7,0.8,0.8,0.75,1525,1170.0,2017-06-28,6,INE988A01026
ASPINWALL,BE,207.0,209.0,204.15,207.95,207.95,207.0,1746,359869.55,2017-06-28,26,INE991I01015
ASSAMCO,EQ,6.4,6.45,6.25,6.35,6.4,6.35,313962,2001235.25,2017-06-28,227,INE442A01024
ASTEC,EQ,559.7,559.7,552.5,556.4,556.0,560.85,7508,4176571.2,2017-06-28,263,INE563J01010
ASTRAL,EQ,673.0,695.7,673.0,688.65,691.9,680.2,26788,18402388.0,2017-06-28,1754,INE006I01046
ASTRAMICRO,EQ,132.8,134.8,131.5,133.8,134.0,132.1,123350,16473791.45,2017-06-28,1711,INE386C01029
ASTRAZEN,EQ,908.65,920.0,908.0,910.5,908.05,909.6,2993,2737089.7,2017-06-28,375,INE203A01020
ATFL,EQ,489.55,496.9,489.55,495.1,494.0,492.75,3413,1682593.45,2017-06-28,147,INE209A01019
ATLANTA,EQ,101.0,103.65,98.35,102.45,102.25,100.95,254486,25604296.75,2017-06-28,3464,INE285H01022
ATLASCYCLE,BE,377.1,389.7,366.05,370.8,375.0,380.9,8133,3042940.7,2017-06-28,289,INE446A01017
ATUL,EQ,2392.0,2417.2,2355.0,2375.5,2362.0,2408.7,4775,11414257.05,2017-06-28,618,INE100A01010
ATULAUTO,EQ,402.05,404.95,389.3,395.0,394.2,406.05,61661,24502265.85,2017-06-28,2075,INE951D01028
AURIONPRO,EQ,121.55,123.3,117.05,119.55,120.0,122.7,35805,4294766.55,2017-06-28,545,INE132H01018
AUROPHARMA,EQ,669.6,676.5,658.2,671.55,671.95,669.95,2393173,1591319504.4,2017-06-28,38085,INE406A01037
AUSOMENT,EQ,23.35,24.75,23.25,23.5,23.35,24.9,3168,75146.9,2017-06-28,31,INE218C01016
AUSTRAL,BE,0.15,0.2,0.15,0.2,0.2,0.15,22584,4401.95,2017-06-28,8,INE455J01027
AUTOAXLES,EQ,735.3,744.0,731.4,739.8,742.0,736.4,10747,7942900.45,2017-06-28,733,INE449A01011
AUTOIND,EQ,52.55,53.9,50.7,52.85,53.35,52.6,10683,564462.15,2017-06-28,163,INE718H01014
AUTOLITIND,EQ,61.0,62.5,60.5,61.85,62.0,61.8,21226,1309774.25,2017-06-28,142,INE448A01013
AVANTIFEED,EQ,1374.7,1415.0,1360.1,1382.8,1381.45,1376.6,37722,52493758.3,2017-06-28,4366,INE871C01020
AVTNPL,EQ,40.6,40.75,39.0,39.85,39.5,40.6,96677,3878745.95,2017-06-28,657,INE488D01021
AXISBANK,EQ,493.8,500.35,490.05,492.0,496.45,492.85,12691859,6260656806.25,2017-06-28,76061,INE238A01034
AXISCADES,EQ,142.55,143.15,139.0,142.2,142.5,141.65,43337,6128138.05,2017-06-28,1472,INE555B01013
AXISGOLD,EQ,2525.05,2549.0,2516.05,2530.0,2530.0,2535.55,103,260447.8,2017-06-28,24,INF846K01347
AYMSYNTEX,EQ,75.9,76.4,75.0,75.3,75.2,75.6,13422,1011580.35,2017-06-28,78,INE193B01039
BAFNAPHARM,EQ,23.0,23.25,22.55,23.05,22.9,23.15,16387,376434.65,2017-06-28,100,INE878I01014
BAGFILMS,EQ,4.4,4.45,4.2,4.25,4.25,4.3,179509,779826.85,2017-06-28,136,INE116D01028
BAJAJ-AUTO,EQ,2789.0,2801.0,2770.2,2777.05,2784.5,2779.3,284660,790886912.2,2017-06-28,11631,INE917I01010
BAJAJCORP,EQ,377.8,377.95,374.15,375.4,375.95,378.05,15437,5805764.4,2017-06-28,2107,INE933K01021
BAJAJELEC,EQ,325.95,333.0,324.0,325.05,324.2,324.6,115888,38140019.0,2017-06-28,2826,INE193E01025
BAJAJFINSV,EQ,4025.0,4155.0,3950.0,4108.15,4152.0,4036.05,111692,453385413.25,2017-06-28,9628,INE918I01018
BAJAJHIND,EQ,14.4,14.8,14.25,14.35,14.4,14.35,1859366,26864357.2,2017-06-28,2916,INE306A01021
BAJAJHLDNG,EQ,2111.05,2111.05,2094.8,2100.55,2100.0,2104.9,7517,15791180.85,2017-06-28,2103,INE118A01012
BAJFINANCE,EQ,1341.0,1377.0,1313.9,1372.35,1371.0,1349.95,998218,1351490429.3,2017-06-28,30259,INE296A01024
BALAJITELE,EQ,133.05,135.45,130.0,133.0,133.0,132.8,348436,46397004.6,2017-06-28,3798,INE794B01026
BALAMINES,EQ,332.1,338.35,325.0,328.8,327.0,332.5,10296,3387662.05,2017-06-28,382,INE050E01027
BALKRISHNA,EQ,76.15,77.45,74.0,74.35,74.65,76.25,9727,733294.95,2017-06-28,164,INE875R01011
BALKRISIND,EQ,1641.0,1659.3,1620.0,1642.05,1640.65,1643.8,156780,257053151.35,2017-06-28,9071,INE787D01026
BALLARPUR,EQ,15.25,15.7,15.25,15.55,15.7,15.35,645686,10031299.95,2017-06-28,1022,INE294A01037
BALMLAWRIE,EQ,214.75,217.4,213.1,216.8,217.3,214.75,65851,14181464.25,2017-06-28,2119,INE164A01016
BALPHARMA,EQ,103.0,103.0,97.0,97.45,97.4,101.35,39832,3913358.35,2017-06-28,590,INE083D01012
BALRAMCHIN,EQ,144.5,149.8,144.5,149.15,149.25,146.15,1287259,191024061.7,2017-06-28,10278,INE119A01028
BANARBEADS,EQ,70.05,71.95,70.0,70.45,70.5,70.25,2230,157624.25,2017-06-28,18,INE655B01011
BANARISUG,EQ,1755.0,1773.0,1718.0,1751.4,1773.0,1731.2,1161,2030660.25,2017-06-28,139,INE459A01010
BANCOINDIA,EQ,216.0,219.85,214.0,216.1,215.5,215.65,34661,7521813.15,2017-06-28,1459,INE213C01025
BANG,EQ,36.3,38.0,35.75,37.0,37.0,36.25,1283,47549.45,2017-06-28,14,INE863I01016
BANKBARODA,EQ,153.0,156.4,152.2,155.6,155.9,154.85,6999255,1083747528.05,2017-06-28,41604,INE028A01039
BANKBEES,EQ,2341.89,2355.72,2335.91,2354.88,2355.0,2347.31,8106,19042359.5,2017-06-28,318,INF732E01078
BANKINDIA,EQ,132.0,137.65,131.35,136.75,136.55,133.55,4789755,646377589.3,2017-06-28,22220,INE084A01016
BANSWRAS,EQ,180.65,180.7,170.0,177.65,175.5,173.75,5051,898903.75,2017-06-28,163,INE629D01012
BARTRONICS,EQ,14.0,14.3,13.95,14.15,14.2,14.05,55604,783309.4,2017-06-28,208,INE855F01034
BASF,EQ,1560.0,1619.0,1556.0,1600.65,1608.0,1563.45,20518,32463014.4,2017-06-28,2172,INE373A01013
BASML,EQ,293.6,304.0,293.6,297.45,300.0,298.7,2534,755644.6,2017-06-28,45,INE186H01014
BATAINDIA,EQ,534.7,534.7,522.65,529.05,525.6,530.05,265998,140485457.35,2017-06-28,6370,INE176A01028
BAYERCROP,EQ,4610.7,4610.7,4570.0,4586.85,4580.35,4610.7,21716,99571637.35,2017-06-28,6356,INE462A01022
BBL,EQ,1386.0,1440.45,1346.35,1413.45,1413.9,1385.1,58299,82071715.5,2017-06-28,3780,INE464A01028
BBTC,EQ,875.1,892.5,873.95,886.95,890.0,880.85,53341,47093416.2,2017-06-28,2105,INE050A01025
BEARDSELL,EQ,53.05,54.5,52.1,54.5,54.5,53.05,584,30772.25,2017-06-28,20,INE520H01022
BEDMUTHA,BE,32.95,34.35,32.95,33.3,33.1,33.95,10283,342180.65,2017-06-28,45,INE844K01012
BEL,EQ,159.8,162.0,157.6,159.75,159.6,160.55,3571077,572907986.55,2017-06-28,33232,INE263A01024
BEML,EQ,1477.0,1489.8,1430.15,1438.2,1437.0,1483.9,718466,1039799004.55,2017-06-28,18735,INE258A01016
BEPL,EQ,51.3,59.6,50.4,58.8,58.4,51.35,11219707,641921830.6,2017-06-28,34799,INE922A01025
BERGEPAINT,EQ,240.0,240.65,234.4,236.35,237.0,241.55,593353,140718216.05,2017-06-28,39789,INE463A01038
BFINVEST,EQ,180.0,185.3,178.0,182.95,183.3,180.8,126629,23045341.4,2017-06-28,2540,INE878K01010
BFUTILITIE,EQ,383.2,387.7,373.0,383.7,383.5,386.1,268032,102647591.2,2017-06-28,7153,INE243D01012
BGLOBAL,BE,4.55,4.95,4.55,4.95,4.95,4.75,4359,20411.05,2017-06-28,18,INE224M01013
BGRENERGY,EQ,142.85,144.45,140.65,142.95,142.85,142.55,117098,16704491.7,2017-06-28,1795,INE661I01014
BHAGERIA,EQ,299.8,305.8,296.0,300.5,299.2,299.8,16544,4999019.3,2017-06-28,1060,INE354C01027
BHAGYANGR,EQ,24.5,27.65,23.75,25.55,25.4,24.9,137313,3629877.5,2017-06-28,648,INE458B01036
BHANDARI,EQ,2.4,2.45,2.3,2.3,2.3,2.3,139347,329380.3,2017-06-28,59,INE474E01029
BHARATFIN,EQ,701.15,709.0,698.0,704.15,702.9,707.2,1036526,728890190.1,2017-06-28,18753,INE180K01011
BHARATFORG,EQ,1084.0,1087.0,1052.9,1059.1,1064.0,1090.2,1132585,1210982745.8,2017-06-28,28954,INE465A01025
BHARATGEAR,EQ,130.0,142.0,129.0,139.15,138.1,131.2,148634,20672311.85,2017-06-28,2814,INE561C01019
BHARATIDIL,EQ,8.4,9.2,8.4,8.65,8.8,8.9,28430,249167.35,2017-06-28,78,INE673G01013
BHARATRAS,EQ,2902.05,3000.0,2890.0,2984.75,2980.0,2923.8,1114,3268945.4,2017-06-28,199,INE838B01013
BHARATWIRE,EQ,89.55,90.85,87.5,88.25,88.5,89.35,148461,13246527.85,2017-06-28,963,INE316L01019
BHARTIARTL,EQ,374.9,381.65,367.5,377.2,378.7,371.45,3794226,1415125621.5,2017-06-28,57586,INE397D01024
BHEL,EQ,134.1,136.8,132.5,136.3,136.55,134.4,3060003,413250882.45,2017-06-28,16580,INE257A01026
BHUSANSTL,EQ,68.35,68.7,65.2,66.05,65.8,68.4,1765947,117462431.25,2017-06-28,13477,INE824B01021
BIGBLOC,EQ,85.5,85.75,84.5,85.1,85.5,86.0,17606,1501398.3,2017-06-28,153,INE412U01017
BIL,EQ,589.25,595.0,576.1,580.3,576.5,591.8,25743,15172095.4,2017-06-28,711,INE828A01016
BILENERGY,EQ,0.75,0.75,0.75,0.75,0.75,0.8,10000,7500.0,2017-06-28,2,INE607L01029
BILPOWER,EQ,1.4,1.4,1.4,1.4,1.4,1.4,391,547.4,2017-06-28,1,INE952D01018
BINANIIND,EQ,74.8,75.75,73.5,73.85,73.6,73.75,19525,1446276.1,2017-06-28,294,INE071A01013
BINDALAGRO,EQ,23.5,23.9,23.35,23.55,23.5,23.45,35071,825632.95,2017-06-28,169,INE143A01010
BIOCON,EQ,322.95,329.55,319.25,328.0,329.55,322.95,1010224,328444657.05,2017-06-28,15477,INE376G01013
BIRLACABLE,EQ,41.95,42.0,41.0,41.45,41.3,41.3,9666,403029.5,2017-06-28,180,INE800A01015
BIRLACORPN,EQ,879.85,879.85,862.15,868.0,867.95,868.75,6756,5880058.35,2017-06-28,647,INE340A01012
BIRLAMONEY,EQ,66.95,68.0,65.85,67.0,67.0,66.0,1200518,80371199.1,2017-06-28,6941,INE865C01022
BLBLIMITED,BE,6.3,6.3,5.9,6.3,6.3,6.2,1550,9651.0,2017-06-28,9,INE791A01024
BLISSGVS,EQ,154.8,161.1,152.8,155.4,155.65,153.85,236857,37113944.35,2017-06-28,2525,INE416D01022
BLKASHYAP,EQ,36.0,36.6,35.1,35.5,35.8,35.95,183728,6576063.9,2017-06-28,708,INE350H01032
BLS,EQ,182.3,192.4,180.0,191.05,191.5,181.2,68481,12955658.8,2017-06-28,791,INE153T01027
BLUEBLENDS,EQ,61.4,61.5,55.5,55.95,55.5,61.65,285726,16315861.1,2017-06-28,1708,INE113O01014
BLUEDART,EQ,4249.95,4316.95,4213.0,4302.6,4291.0,4238.35,34738,149294718.5,2017-06-28,1210,INE233B01017
BLUEDART,N1,10.1,10.1,10.1,10.1,10.1,10.02,6000,60600.0,2017-06-28,8,INE233B08087
BLUESTARCO,EQ,606.4,611.0,580.0,602.35,601.0,609.55,15255,9177727.75,2017-06-28,1139,INE472A01039
BODALCHEM,EQ,158.7,158.7,156.1,157.25,156.5,157.85,102104,16054601.7,2017-06-28,1791,INE338D01028
BOHRA,SM,47.1,47.1,47.0,47.0,47.0,51.0,4000,188200.0,2017-06-28,2,INE802W01015
BOMDYEING,EQ,80.95,82.85,80.55,81.7,81.5,80.7,1860606,151984195.55,2017-06-28,10717,INE032A01023
BOSCHLTD,EQ,23240.0,23550.0,23140.05,23309.05,23201.75,23247.5,8558,199775281.75,2017-06-28,3004,INE323A01026
BPCL,EQ,610.0,624.6,608.65,616.7,617.1,612.05,3532200,2186043558.9,2017-06-28,101719,INE029A01011
BPL,EQ,66.75,67.3,65.0,65.6,65.6,66.85,290619,19136328.6,2017-06-28,2192,INE110A01019
BRFL,EQ,134.0,136.0,129.1,134.6,134.0,133.6,152446,20385217.05,2017-06-28,931,INE589G01011
BRIGADE,EQ,266.2,272.6,262.8,268.1,265.95,267.4,50789,13614915.35,2017-06-28,1796,INE791I01019
BRITANNIA,EQ,3645.0,3675.6,3590.05,3636.15,3650.0,3647.55,128578,466377664.35,2017-06-28,20470,INE216A01022
BROOKS,EQ,105.85,105.85,101.1,102.5,103.5,104.0,28907,2983724.75,2017-06-28,475,INE650L01011
BSE,EQ,1048.0,1080.5,1040.0,1074.05,1074.0,1048.3,73849,78373269.6,2017-06-28,3564,INE118H01025
BSELINFRA,EQ,4.3,4.3,4.05,4.2,4.2,4.2,53089,223217.15,2017-06-28,70,INE395A01016
BSL,EQ,72.9,74.85,72.9,73.15,72.95,73.0,2343,172028.3,2017-06-28,26,INE594B01012
BSLGOLDETF,EQ,2739.0,2739.0,2666.0,2666.0,2666.0,2691.0,7,18808.0,2017-06-28,4,INF209K01HT2
BSLIMITED,EQ,1.65,1.65,1.55,1.65,1.6,1.65,445735,714168.95,2017-06-28,340,INE043K01029
BSLNIFTY,EQ,100.25,100.25,100.25,100.25,100.25,102.99,2,200.5,2017-06-28,2,INF209K01IR4
BURNPUR,EQ,8.8,9.1,8.5,8.65,8.7,8.85,572031,5069563.55,2017-06-28,730,INE817H01014
BUTTERFLY,EQ,183.0,187.55,181.3,183.95,183.65,185.25,7311,1347285.95,2017-06-28,254,INE295F01017
BVCL,BE,32.0,33.45,32.0,33.2,33.2,33.65,6108,199333.95,2017-06-28,20,INE139I01011
BYKE,EQ,185.0,187.4,184.5,185.05,184.5,185.8,50803,9419712.45,2017-06-28,421,INE319B01014
CADILAHC,EQ,526.4,532.0,522.1,527.7,528.0,526.6,541658,285714223.85,2017-06-28,12777,INE010B01027
CAMLINFINE,EQ,90.7,92.0,85.35,86.2,85.85,89.6,461229,41117790.65,2017-06-28,4490,INE052I01032
CANBK,EQ,318.4,328.0,317.1,326.0,327.4,323.8,3746081,1212070236.95,2017-06-28,28818,INE476A01014
CANDC,BE,65.5,71.4,65.5,71.4,71.4,68.0,18728,1290963.7,2017-06-28,159,INE874H01015
CANFINHOME,EQ,3035.0,3125.0,3000.0,3109.35,3121.0,3066.25,187811,578042840.5,2017-06-28,11898,INE477A01012
CANTABIL,EQ,67.05,68.5,67.05,67.5,67.3,67.8,4882,329561.75,2017-06-28,30,INE068L01016
CAPF,EQ,650.0,674.0,642.1,670.75,671.0,657.0,653341,432519790.2,2017-06-28,14951,INE688I01017
CAPLIPOINT,EQ,563.0,566.95,550.05,553.25,552.95,563.35,45394,25341714.45,2017-06-28,3038,INE475E01026
CAPTRUST,EQ,375.0,377.5,370.0,375.4,377.5,373.4,2046,766766.55,2017-06-28,71,INE707C01018
CARBORUNIV,EQ,323.6,331.0,321.3,322.85,322.0,325.3,56194,18207175.95,2017-06-28,2487,INE120A01034
CAREERP,EQ,98.7,104.0,98.7,102.4,103.0,99.35,11229,1151505.05,2017-06-28,367,INE521J01018
CARERATING,EQ,1438.0,1473.0,1404.45,1422.2,1415.0,1438.05,22380,32184042.15,2017-06-28,3481,INE752H01013
CASTEXTECH,EQ,7.1,8.2,6.5,7.8,8.15,7.2,3015092,22399796.4,2017-06-28,2773,INE068D01021
CASTROLIND,EQ,406.95,407.0,402.5,403.55,403.0,406.35,590036,238613723.55,2017-06-28,8595,INE172A01027
CCCL,EQ,5.25,5.4,5.15,5.15,5.15,5.4,300020,1556869.7,2017-06-28,170,INE429I01024
CCHHL,EQ,13.3,14.5,13.0,13.85,13.9,12.65,1071704,14852353.55,2017-06-28,2662,INE652F01027
CCL,EQ,285.0,293.9,281.15,287.65,287.0,282.55,56081,16127277.2,2017-06-28,3507,INE421D01022
CEATLTD,EQ,1781.0,1820.0,1755.6,1809.8,1820.0,1781.65,807290,1446260248.7,2017-06-28,23005,INE482A01020
CEBBCO,EQ,11.0,11.2,10.95,11.15,11.15,11.05,25921,287564.8,2017-06-28,96,INE209L01016
CELEBRITY,EQ,14.9,14.9,13.75,14.0,14.2,14.4,49058,695867.45,2017-06-28,215,INE185H01016
CELESTIAL,EQ,22.5,23.0,22.35,22.45,22.5,22.7,34752,783783.75,2017-06-28,194,INE221I01017
CENTENKA,EQ,364.0,391.5,364.0,384.25,388.7,363.95,85831,32774149.8,2017-06-28,3509,INE485A01015
CENTEXT,EQ,4.65,4.9,4.65,4.7,4.75,4.75,30006,141100.8,2017-06-28,61,INE281A01026
CENTRALBK,EQ,88.5,88.9,87.0,87.4,87.0,88.85,754141,66142662.85,2017-06-28,2888,INE483A01010
CENTUM,EQ,680.05,703.0,673.0,686.95,688.0,692.7,3148,2162600.95,2017-06-28,203,INE320B01020
CENTURYPLY,EQ,289.5,302.5,289.5,300.85,301.0,290.9,150634,44815559.3,2017-06-28,3029,INE348B01021
CENTURYTEX,EQ,1100.0,1117.0,1086.75,1104.45,1104.0,1102.9,723441,798204255.5,2017-06-28,14862,INE055A01016
CERA,EQ,2869.65,2990.0,2815.05,2951.85,2951.0,2869.65,7599,21948984.1,2017-06-28,1410,INE739E01017
CEREBRAINT,EQ,50.0,52.0,49.5,51.0,51.65,50.65,1203813,61319433.65,2017-06-28,2401,INE345B01019
CESC,EQ,855.0,881.0,847.5,880.0,877.6,864.7,400190,346540704.4,2017-06-28,12008,INE486A01013
CGCL,EQ,57.05,59.0,56.1,58.0,58.85,57.15,30579,1772095.9,2017-06-28,226,INE180C01026
CGPOWER,EQ,78.65,80.55,78.0,80.25,80.2,80.0,1290396,102689132.1,2017-06-28,8411,INE067A01029
CHAMBLFERT,EQ,111.5,118.95,110.25,117.9,118.75,113.35,966981,112315453.15,2017-06-28,12624,INE085A01013
CHENNPETRO,EQ,353.7,353.7,346.55,348.2,348.5,350.8,186745,65238026.3,2017-06-28,4488,INE178A01016
CHOLAFIN,EQ,1088.0,1093.65,1067.0,1083.4,1090.0,1079.35,89371,96323621.45,2017-06-28,3128,INE121A01016
CHROMATIC,EQ,2.0,2.1,1.9,1.95,2.0,2.0,295474,589888.8,2017-06-28,176,INE662C01015
CIGNITITEC,EQ,311.0,322.0,306.95,310.8,312.8,311.1,183638,57889961.95,2017-06-28,2698,INE675C01017
CIMMCO,EQ,82.25,85.0,82.1,83.45,82.65,83.15,16394,1370365.3,2017-06-28,145,INE184C01028
CINELINE,EQ,72.6,74.95,70.25,73.05,73.0,72.6,14563,1063157.95,2017-06-28,269,INE704H01022
CINEVISTA,EQ,7.15,7.25,7.1,7.25,7.25,7.35,1350,9650.0,2017-06-28,4,INE039B01026
CIPLA,EQ,535.4,538.65,531.0,536.85,536.65,534.65,601643,321950114.45,2017-06-28,21918,INE059A01026
CLEDUCATE,EQ,421.25,426.0,421.25,424.9,424.6,424.75,17303,7351512.25,2017-06-28,265,INE201M01011
CLNINDIA,EQ,622.05,625.1,621.25,621.95,621.7,624.7,7918,4935781.05,2017-06-28,427,INE492A01029
CMICABLES,EQ,215.0,217.9,212.1,216.2,216.0,211.6,98262,21071830.75,2017-06-28,1254,INE981B01011
CNOVAPETRO,EQ,24.2,24.4,22.5,23.2,23.4,24.75,1713,40631.85,2017-06-28,26,INE672K01025
COALINDIA,EQ,246.0,247.2,244.55,245.75,246.0,244.35,3526585,866748551.75,2017-06-28,30476,INE522F01014
COFFEEDAY,EQ,242.0,244.0,240.95,242.1,242.0,240.95,14875,3602082.6,2017-06-28,655,INE335K01011
COLPAL,EQ,1097.45,1097.45,1071.0,1088.45,1087.0,1093.8,433219,469913163.15,2017-06-28,18370,INE259A01022
COMPINFO,EQ,23.0,23.0,21.8,22.35,22.25,22.35,82843,1851768.5,2017-06-28,80,INE070C01037
COMPUSOFT,EQ,11.2,11.2,10.6,11.0,11.0,11.1,67621,736320.9,2017-06-28,175,INE453B01029
CONCOR,EQ,1135.75,1184.0,1128.1,1132.1,1132.0,1133.85,300686,346134472.1,2017-06-28,20758,INE111A01017
CONSOFINVT,EQ,71.75,71.75,68.0,69.05,68.15,69.4,11484,791018.3,2017-06-28,186,INE025A01027
CONTROLPR,EQ,339.9,344.9,318.75,337.85,335.0,337.45,23916,7955214.9,2017-06-28,808,INE663B01015
CORALFINAC,BE,207.05,207.05,207.05,207.05,207.05,207.05,5,1035.25,2017-06-28,1,INE558D01013
CORDSCABLE,EQ,106.2,116.7,105.8,113.65,116.0,107.2,117149,13217954.25,2017-06-28,1314,INE792I01017
COROMANDEL,EQ,415.0,421.4,405.4,410.05,408.3,415.55,173919,71693809.7,2017-06-28,6017,INE169A01031
CORPBANK,EQ,50.45,51.9,49.4,50.65,50.6,50.45,292134,14767423.9,2017-06-28,1901,INE112A01023
COSMOFILMS,EQ,411.7,412.0,405.0,406.05,405.0,409.75,14983,6099619.25,2017-06-28,640,INE757A01017
COUNCODOS,EQ,3.15,3.3,3.15,3.3,3.3,3.1,4140,13112.8,2017-06-28,18,INE695B01025
COX&KINGS,EQ,286.85,289.1,278.0,281.45,279.95,286.1,490872,139791746.5,2017-06-28,10755,INE008I01026
CPSEETF,EQ,26.0,26.4,26.0,26.11,26.13,26.21,1055368,27615045.95,2017-06-28,1429,INF457M01133
CREATIVE,SM,140.0,140.5,117.8,117.8,117.8,124.95,9600,1255920.0,2017-06-28,6,INE985W01018
CREATIVEYE,EQ,3.45,3.45,3.45,3.45,3.45,3.55,10,34.5,2017-06-28,1,INE230B01021
CREST,EQ,154.9,160.0,153.1,156.1,157.0,154.75,3609,560271.05,2017-06-28,80,INE559D01011
CRISIL,EQ,1918.0,1934.95,1916.55,1926.2,1927.0,1920.75,6272,12061199.75,2017-06-28,706,INE007A01025
CROMPTON,EQ,222.0,222.2,216.5,220.0,220.0,220.35,950954,209049928.2,2017-06-28,7824,INE299U01018
CROWN,SM,103.05,103.05,103.0,103.0,103.0,107.75,2000,206050.0,2017-06-28,2,INE491V01019
CTE,EQ,93.0,93.0,89.45,89.85,89.7,91.25,4825,435517.4,2017-06-28,73,INE627H01017
CUB,EQ,180.85,181.5,176.75,177.5,178.0,178.85,170682,30345413.85,2017-06-28,2257,INE491A01021
CUBEXTUB,BE,16.0,17.6,16.0,17.6,17.6,16.8,16640,275826.55,2017-06-28,48,INE144D01012
CUMMINSIND,EQ,901.2,916.0,901.2,912.65,910.15,910.1,177886,161974034.8,2017-06-28,7396,INE298A01020
CUPID,EQ,278.05,279.95,271.0,276.2,277.0,278.5,13223,3642883.95,2017-06-28,446,INE509F01011
CYBERTECH,EQ,62.0,62.1,58.55,60.55,61.8,60.75,13109,798079.2,2017-06-28,131,INE214A01019
CYIENT,EQ,510.0,515.0,507.15,510.2,509.1,509.3,16100,8222046.7,2017-06-28,1885,INE136B01020
DAAWAT,EQ,68.25,68.6,66.1,67.0,66.9,68.6,343006,23171298.25,2017-06-28,3433,INE818H01020
DABUR,EQ,289.75,291.95,286.8,289.9,290.0,290.0,3270135,946739582.2,2017-06-28,23130,INE016A01026
DALMIABHA,EQ,2380.0,2441.35,2350.95,2429.5,2435.0,2378.7,89307,213757663.4,2017-06-28,5118,INE439L01019
DALMIASUG,EQ,122.1,126.0,120.55,124.7,125.0,122.1,67596,8402141.9,2017-06-28,904,INE495A01022
DAMODARIND,EQ,82.0,84.25,81.4,83.35,83.45,82.1,3736,311541.4,2017-06-28,63,INE497D01014
DATAMATICS,EQ,100.4,105.0,100.4,102.15,102.9,101.0,105389,10841045.5,2017-06-28,2203,INE365B01017
DBCORP,EQ,376.0,377.95,367.55,376.1,373.35,377.6,17740,6631287.85,2017-06-28,980,INE950I01011
DBL,EQ,412.8,429.05,407.25,421.75,424.0,409.9,893308,377169196.7,2017-06-28,6120,INE917M01012
DBREALTY,EQ,39.2,40.0,38.7,39.4,39.3,39.55,235682,9293954.15,2017-06-28,1357,INE879I01012
DBSTOCKBRO,EQ,8.6,8.75,8.6,8.75,8.75,8.75,705,6093.0,2017-06-28,10,INE921B01025
DCBBANK,EQ,191.0,197.55,189.15,196.75,196.5,193.85,1714208,332985971.45,2017-06-28,13594,INE503A01015
DCM,EQ,117.35,119.75,115.35,116.3,116.0,118.15,31279,3679588.75,2017-06-28,346,INE498A01018
DCMSHRIRAM,EQ,340.1,345.75,334.0,338.0,337.05,342.65,48943,16668941.35,2017-06-28,2406,INE499A01024
DCW,EQ,32.75,33.75,32.7,33.0,33.0,33.3,526498,17488331.25,2017-06-28,936,INE500A01029
DECCANCE,EQ,1079.0,1090.95,1063.1,1081.4,1080.0,1073.35,3277,3538593.55,2017-06-28,649,INE583C01013
DEEPAKFERT,EQ,268.75,272.5,266.2,269.65,269.1,268.85,87754,23702185.05,2017-06-28,3203,INE501A01019
DEEPAKNTR,EQ,154.05,159.95,151.65,158.4,157.05,156.45,54401,8564922.4,2017-06-28,1107,INE288B01029
DEEPIND,EQ,272.05,281.35,272.05,278.55,278.8,272.85,98342,27271137.35,2017-06-28,1280,INE677H01012
DELTACORP,EQ,150.9,156.4,149.05,154.7,154.85,150.6,3073387,468982861.8,2017-06-28,19163,INE124G01033
DELTAMAGNT,BE,43.95,43.95,43.95,43.95,43.95,46.25,10,439.5,2017-06-28,1,INE393A01011
DEN,EQ,78.25,79.0,76.35,78.4,77.5,77.95,196837,15394577.85,2017-06-28,1491,INE947J01015
DENABANK,EQ,33.15,34.05,33.1,33.3,33.25,33.5,752263,25169523.5,2017-06-28,2529,INE077A01010
DENORA,EQ,244.8,254.5,243.5,253.8,254.2,247.65,2709,675468.15,2017-06-28,292,INE244A01016
DEVIT,SM,52.1,53.5,52.1,53.5,53.5,54.9,9000,477150.0,2017-06-28,3,INE060X01018
DFMFOODS,EQ,1400.0,1434.95,1361.2,1422.15,1426.0,1389.1,17939,25364144.0,2017-06-28,1366,INE456C01012
DHAMPURSUG,EQ,181.0,189.7,180.0,188.05,188.0,180.75,501194,93283894.9,2017-06-28,8399,INE041A01016
DHANBANK,EQ,37.0,38.1,36.3,37.15,36.95,37.05,907705,33882063.2,2017-06-28,2060,INE680A01011
DHANUKA,EQ,856.0,874.9,840.0,847.35,843.15,873.45,25775,21975073.1,2017-06-28,1319,INE435G01025
DHARSUGAR,EQ,25.6,26.75,25.5,25.95,26.15,26.0,18667,487827.1,2017-06-28,150,INE988C01014
DHFL,EQ,423.5,435.0,417.85,427.85,428.0,426.5,1953283,835465707.9,2017-06-28,20884,INE202B01012
DHFL,N6,1040.0,1049.0,1040.0,1040.11,1040.11,1045.84,238,249064.42,2017-06-28,7,INE202B07HP2
DHFL,N8,1090.0,1090.0,1090.0,1090.0,1090.0,1079.0,100,109000.0,2017-06-28,1,INE202B07HR8
DHFL,NC,1097.0,1097.0,1095.5,1095.5,1095.5,1096.5,1143,1252795.0,2017-06-28,10,INE202B07HV0
DHFL,NH,1166.0,1166.0,1080.0,1080.0,1080.0,1165.0,20,22460.0,2017-06-28,2,INE202B07IB0
DHFL,NN,1036.2,1036.2,1036.2,1036.2,1036.2,1073.0,80,82896.0,2017-06-28,1,INE202B07IM7
DHFL,NP,1089.15,1090.0,1084.06,1087.0,1087.0,1084.2,2319,2516636.9,2017-06-28,12,INE202B07IO3
DHUNINV,EQ,352.0,357.95,330.4,351.15,350.0,334.75,5379,1864434.05,2017-06-28,279,INE320L01011
DIAPOWER,EQ,27.2,28.0,26.25,27.35,27.5,27.45,74676,2052276.25,2017-06-28,535,INE989C01012
DICIND,EQ,528.1,539.0,524.0,535.15,538.9,536.55,12550,6646409.15,2017-06-28,363,INE303A01010
DIGJAMLTD,EQ,13.3,13.3,12.85,12.9,13.0,13.2,310786,4062393.1,2017-06-28,588,INE731U01010
DISHTV,EQ,75.1,76.85,74.7,75.45,75.55,74.65,5001919,377923001.8,2017-06-28,24932,INE836F01026
DIVISLAB,EQ,641.5,645.0,637.25,641.0,640.05,641.8,409519,262509208.7,2017-06-28,10539,INE361B01024
DLF,EQ,185.4,193.0,183.5,190.75,192.6,187.5,10683977,2013765370.1,2017-06-28,45910,INE271C01023
DLINKINDIA,EQ,97.7,98.25,96.0,96.9,96.75,96.6,119819,11587388.8,2017-06-28,2319,INE250K01012
DMART,EQ,802.4,822.9,797.0,818.05,820.65,804.6,842867,684763672.3,2017-06-28,23696,INE192R01011
DOLLAR,EQ,2020.0,2100.0,1990.5,2088.75,2072.0,2034.75,9436,19399273.2,2017-06-28,1769,INE325C01027
DOLPHINOFF,EQ,93.05,96.0,92.05,92.65,92.15,93.9,83405,7808060.55,2017-06-28,1542,INE920A01011
DONEAR,EQ,69.0,70.0,67.1,68.25,67.6,69.75,146314,9964518.2,2017-06-28,482,INE668D01028
DPL,EQ,80.8,83.9,78.5,82.6,81.5,81.5,12351,1004056.35,2017-06-28,197,INE477B01010
DPSCLTD,EQ,37.25,37.75,36.9,37.35,37.5,37.1,23023,859698.4,2017-06-28,44,INE360C01024
DQE,EQ,13.65,14.45,13.65,13.95,14.0,13.65,13176,183269.7,2017-06-28,72,INE656K01010
DREDGECORP,EQ,604.2,630.4,596.0,624.0,627.3,609.05,290939,179612327.05,2017-06-28,9879,INE506A01018
DRL,SM,39.9,39.9,39.9,39.9,39.9,39.0,3000,119700.0,2017-06-28,1,INE704V01015
DRREDDY,EQ,2631.0,2664.7,2625.15,2651.75,2648.0,2653.1,191968,508051841.4,2017-06-28,20324,INE089A01023
DSKULKARNI,BE,28.5,28.5,28.25,28.25,28.25,29.7,3936,111192.25,2017-06-28,39,INE891A01014
DSSL,EQ,19.95,20.75,19.75,19.75,19.75,20.75,735,14857.25,2017-06-28,11,INE417B01040
DTIL,EQ,299.25,302.3,293.0,301.8,302.05,296.5,1873,562508.5,2017-06-28,77,INE341R01014
DUCON,EQ,35.95,35.95,35.95,35.95,35.95,34.25,25289,909139.55,2017-06-28,58,INE741L01018
DWARKESH,EQ,411.0,424.25,405.3,418.85,418.1,412.45,143631,60108049.65,2017-06-28,3741,INE366A01033
DYNAMATECH,EQ,2400.05,2504.95,2326.05,2474.4,2465.0,2362.45,2218,5402492.7,2017-06-28,362,INE221B01012
EASTSILK,EQ,2.85,3.05,2.85,2.95,2.95,2.95,99318,299782.2,2017-06-28,65,INE962C01027
EASUNREYRL,EQ,27.85,28.25,26.75,27.0,26.75,27.1,4575,124970.2,2017-06-28,61,INE268C01029
ECEIND,EQ,237.05,238.05,230.0,234.55,235.0,230.1,1666,386993.3,2017-06-28,43,INE588B01014
ECLERX,EQ,1320.0,1320.0,1295.0,1301.05,1298.0,1317.65,5665,7406956.65,2017-06-28,755,INE738I01010
ECLFINANCE,N3,1045.0,1045.0,1045.0,1045.0,1045.0,1043.99,72,75240.0,2017-06-28,3,INE804I07SI2
EDELWEISS,EQ,185.95,192.0,181.1,188.85,189.15,185.95,1787762,336446785.05,2017-06-28,21642,INE532F01054
EDL,EQ,42.25,42.85,41.8,42.25,42.45,42.2,14622,619025.95,2017-06-28,326,INE180G01019
EDUCOMP,EQ,8.15,8.35,8.0,8.05,8.05,8.15,238687,1932513.8,2017-06-28,389,INE216H01027
EHFLNCD,N2,1075.41,1075.41,1075.41,1075.41,1075.41,1070.4,5,5377.05,2017-06-28,1,INE530L07186
EHFLNCD,N5,1067.99,1067.99,1067.99,1067.99,1067.99,1060.0,15,16019.85,2017-06-28,1,INE530L07210
EHFLNCD,N6,1140.0,1149.0,1140.0,1149.0,1149.0,1141.24,276,315877.5,2017-06-28,8,INE530L07228
EICHERMOT,EQ,26699.95,27310.0,26400.0,27224.85,27141.0,26661.05,43231,1166603838.9,2017-06-28,15615,INE066A01013
EIDPARRY,EQ,296.0,303.0,294.0,296.55,296.7,297.8,186861,55845664.6,2017-06-28,2625,INE126A01031
EIFFL,SM,104.75,105.0,104.75,104.9,104.8,104.65,9600,1006400.0,2017-06-28,6,INE546V01010
EIHAHOTELS,EQ,357.1,357.1,343.25,353.1,356.0,343.35,1920,680993.75,2017-06-28,35,INE276C01014
EIHOTEL,EQ,136.5,137.8,133.6,136.85,137.0,136.95,64648,8838878.05,2017-06-28,467,INE230A01023
EIMCOELECO,EQ,596.1,614.95,580.65,587.25,581.0,599.7,3698,2192461.65,2017-06-28,223,INE158B01016
EKC,EQ,32.5,33.5,32.3,32.65,32.65,32.55,83120,2731361.9,2017-06-28,552,INE184H01027
ELAND,EQ,21.0,22.95,20.65,22.0,22.15,21.45,40983,897232.15,2017-06-28,247,INE311H01018
ELECON,EQ,56.1,56.65,55.1,56.05,56.1,56.1,81139,4552380.65,2017-06-28,995,INE205B01023
ELECTCAST,EQ,29.1,29.55,28.7,29.15,29.05,29.25,383722,11176194.05,2017-06-28,1088,INE086A01029
ELECTHERM,BE,234.2,249.9,232.0,238.55,235.5,238.65,1854,445489.3,2017-06-28,38,INE822G01016
ELGIEQUIP,EQ,237.65,240.45,234.0,235.65,234.0,237.7,51214,12140951.5,2017-06-28,485,INE285A01027
ELGIRUBCO,EQ,44.25,45.0,43.6,44.65,45.0,44.4,26705,1183169.7,2017-06-28,150,INE819L01012
EMAMIINFRA,EQ,134.15,140.15,131.0,140.15,140.15,133.5,188606,26232476.3,2017-06-28,941,INE778K01012
EMAMILTD,EQ,1070.0,1075.4,1055.0,1060.3,1063.0,1073.85,91430,97504830.75,2017-06-28,5324,INE548C01032
EMCO,EQ,23.55,23.7,23.05,23.2,23.3,23.65,85543,1998659.8,2017-06-28,352,INE078A01026
EMKAY,BE,145.35,154.0,145.35,153.45,154.0,151.45,30391,4619602.35,2017-06-28,195,INE296H01011
EMMBI,EQ,186.05,186.25,180.5,183.35,186.0,186.2,10721,1971703.05,2017-06-28,680,INE753K01015
ENDURANCE,EQ,885.0,895.6,871.35,887.05,887.3,889.85,100918,89369536.65,2017-06-28,7219,INE913H01037
ENERGYDEV,EQ,30.9,30.9,28.85,29.15,29.1,30.35,255807,7421046.6,2017-06-28,689,INE306C01019
ENGINERSIN,EQ,153.75,154.4,152.55,153.15,153.0,154.35,2068662,317453467.75,2017-06-28,14355,INE510A01028
ENIL,EQ,890.5,915.0,872.05,906.5,909.1,887.7,7620,6804754.6,2017-06-28,535,INE265F01028
EON,BE,77.7,77.7,74.05,75.3,76.25,75.5,9228,696096.3,2017-06-28,86,INE076H01025
EQUITAS,EQ,151.4,151.6,147.65,149.1,148.9,150.95,1085772,162149528.45,2017-06-28,9477,INE988K01017
EROSMEDIA,EQ,214.05,220.25,211.75,215.3,215.45,215.4,485646,105415640.85,2017-06-28,7817,INE416L01017
ESABINDIA,EQ,610.6,614.95,604.45,611.6,608.05,606.2,3379,2061326.1,2017-06-28,50,INE284A01012
ESCORTS,EQ,644.9,658.8,635.0,654.55,655.3,650.7,1791112,1162321543.3,2017-06-28,32893,INE042A01014
ESL,EQ,4.15,4.35,4.1,4.3,4.3,4.1,1632273,6923365.45,2017-06-28,641,INE481K01013
ESSARSHPNG,EQ,29.2,29.65,28.8,29.0,29.0,29.35,71403,2080123.1,2017-06-28,236,INE122M01019
ESSDEE,EQ,41.0,42.5,41.0,41.55,41.9,41.85,10673,446844.05,2017-06-28,97,INE825H01017
ESSELPACK,EQ,240.0,244.7,240.0,241.95,240.3,238.7,11558,2793691.25,2017-06-28,489,INE255A01020
ESTER,EQ,37.4,37.9,36.35,37.0,36.95,36.2,19966,734061.4,2017-06-28,208,INE778B01029
EUROCERA,BE,8.55,9.15,8.45,8.6,8.65,8.85,11915,102364.0,2017-06-28,20,INE649H01011
EUROMULTI,BE,3.3,3.45,3.3,3.45,3.45,3.3,36478,124013.1,2017-06-28,46,INE063J01011
EUROTEXIND,EQ,42.1,43.65,39.3,41.0,41.0,41.2,812,33118.65,2017-06-28,38,INE022C01012
EVEREADY,EQ,342.2,348.25,334.2,345.95,344.1,339.9,109142,37252846.65,2017-06-28,1983,INE128A01029
EVERESTIND,EQ,350.5,359.8,342.35,344.3,346.4,351.65,104294,36560423.2,2017-06-28,2567,INE295A01018
EXCEL,EQ,55.0,56.0,50.15,51.4,50.5,53.75,475784,25376330.0,2017-06-28,3503,INE688J01015
EXCELCROP,EQ,1752.4,1810.0,1735.0,1773.4,1782.0,1728.75,886,1579201.2,2017-06-28,185,INE223G01017
EXCELINDUS,EQ,352.95,352.95,341.15,347.4,348.0,349.15,4353,1515660.05,2017-06-28,157,INE369A01029
EXIDEIND,EQ,211.0,217.65,208.75,216.8,217.65,212.75,1824125,389993884.35,2017-06-28,22500,INE302A01020
FACT,BE,41.5,41.9,40.55,40.8,40.6,41.15,17491,720792.9,2017-06-28,138,INE188A01015
FAGBEARING,EQ,4507.9,4543.95,4483.1,4499.65,4500.0,4507.9,2755,12435582.9,2017-06-28,272,INE513A01014
FAIRCHEM,EQ,486.0,494.9,446.6,471.3,475.0,484.15,3181,1513497.0,2017-06-28,183,INE959A01019
FCL,EQ,30.5,31.2,30.2,30.85,31.0,30.4,68376,2101778.95,2017-06-28,395,INE045J01026
FCONSUMER,EQ,30.7,30.95,30.0,30.3,30.05,30.75,1227153,37381118.6,2017-06-28,2825,INE220J01025
FCSSOFT,EQ,0.25,0.25,0.2,0.25,0.25,0.2,259393,58205.75,2017-06-28,80,INE512B01022
FDC,EQ,183.6,183.6,180.0,181.25,180.55,184.1,14464,2628357.8,2017-06-28,429,INE258B01022
FEDDERELEC,EQ,69.3,69.55,68.45,68.8,68.55,69.3,30147,2074016.0,2017-06-28,404,INE249C01011
FEDERALBNK,EQ,112.5,113.4,111.05,111.95,111.8,112.6,11606357,1301177854.4,2017-06-28,32301,INE171A01029
FEL,EQ,31.15,33.0,31.0,31.95,32.0,31.4,645163,20815968.9,2017-06-28,2089,INE623B01027
FELDVR,EQ,28.1,29.0,28.05,28.25,28.15,28.2,7948,226279.95,2017-06-28,76,IN9623B01058
FIEMIND,EQ,884.2,884.25,874.0,876.55,875.1,880.15,13037,11453903.45,2017-06-28,805,INE737H01014
FILATEX,EQ,140.5,143.45,138.1,139.1,138.25,141.95,123917,17310407.0,2017-06-28,587,INE816B01019
FINCABLES,EQ,474.05,478.45,465.05,467.5,465.55,476.85,67490,31713726.45,2017-06-28,2802,INE235A01022
FINPIPE,EQ,603.7,609.0,601.05,601.95,601.7,601.4,32532,19638505.15,2017-06-28,911,INE183A01016
FLEXITUFF,EQ,117.25,119.0,117.1,118.4,118.2,119.2,2091,247554.3,2017-06-28,1048,INE060J01017
FLFL,EQ,296.0,309.45,295.95,304.2,301.0,299.9,79973,24327620.55,2017-06-28,2953,INE452O01016
FMGOETZE,EQ,551.0,567.95,543.3,553.9,550.0,556.0,4825,2683256.8,2017-06-28,709,INE529A01010
FMNL,EQ,70.0,71.95,68.5,70.75,70.75,69.5,23340,1644571.3,2017-06-28,129,INE360L01017
FORTIS,EQ,166.65,171.85,165.5,167.0,167.45,165.25,9996688,1687072869.9,2017-06-28,45395,INE061F01013
FORTIS,IL,168.5,170.0,168.5,169.0,0.0,108.0,3188905,538924945.0,2017-06-28,31,INE061F01013
FOSECOIND,EQ,1356.0,1376.9,1356.0,1356.8,1356.0,1356.1,201,272945.9,2017-06-28,54,INE519A01011
FOURTHDIM,SM,53.1,67.2,53.0,66.15,67.2,56.0,224000,14434100.0,2017-06-28,72,INE382T01014
FRETAIL,EQ,356.0,388.95,350.0,363.95,365.8,354.95,691504,257478994.8,2017-06-28,23786,INE752P01024
FSL,EQ,31.6,32.65,31.5,32.05,32.25,31.75,1132131,36217091.75,2017-06-28,2966,INE684F01012
GABRIEL,EQ,148.05,150.0,146.15,146.65,146.4,149.9,80819,11940525.75,2017-06-28,1295,INE524A01029
GAEL,EQ,124.05,125.8,122.0,122.7,123.0,125.2,46191,5723910.1,2017-06-28,799,INE036B01022
GAIL,EQ,362.4,367.5,355.1,356.05,355.8,359.7,3167738,1142051460.75,2017-06-28,44900,INE129A01019
GAL,EQ,6.75,7.4,6.65,6.85,6.85,6.8,204185,1440817.95,2017-06-28,226,INE482J01021
GALLANTT,EQ,40.0,40.75,39.4,40.35,40.15,40.35,63358,2575354.4,2017-06-28,127,INE297H01019
GALLISPAT,EQ,204.35,210.0,202.3,207.55,210.0,202.15,3284,677873.6,2017-06-28,93,INE528K01011
GAMMNINFRA,EQ,4.05,4.15,3.9,3.95,3.95,4.0,599037,2407142.3,2017-06-28,391,INE181G01025
GAMMONIND,EQ,9.0,9.4,9.0,9.05,9.05,9.05,464274,4221423.55,2017-06-28,2275,INE259B01020
GANDHITUBE,EQ,325.9,333.7,324.6,327.75,327.1,329.7,1796,588995.6,2017-06-28,99,INE524B01027
GANECOS,EQ,358.55,358.55,345.0,347.7,346.3,354.85,9575,3344265.1,2017-06-28,312,INE845D01014
GANESHHOUC,EQ,109.1,109.1,105.6,107.45,107.15,109.3,48176,5176984.25,2017-06-28,783,INE460C01014
GARDENSILK,EQ,29.6,30.0,28.4,29.3,29.55,28.6,50607,1491691.3,2017-06-28,416,INE526A01016
GARWALLROP,EQ,815.2,828.7,801.0,817.55,823.0,820.35,21210,17264139.3,2017-06-28,1985,INE276A01018
GATI,EQ,126.3,128.95,125.2,127.9,128.0,125.85,718231,91376988.1,2017-06-28,8021,INE152B01027
GAYAPROJ,EQ,157.65,161.8,155.2,160.15,159.95,158.45,39161,6216939.1,2017-06-28,912,INE336H01023
GDL,EQ,255.05,261.2,255.05,258.05,258.05,258.8,51745,13343869.35,2017-06-28,3508,INE852F01015
GEECEE,EQ,126.1,127.9,125.5,126.15,126.0,126.65,8266,1046234.85,2017-06-28,153,INE916G01016
GEMINI,BE,1.45,1.45,1.45,1.45,1.45,1.45,1,1.45,2017-06-28,1,INE878C01033
GENESYS,EQ,199.0,215.4,194.3,212.8,213.15,198.95,405956,84004329.5,2017-06-28,6116,INE727B01026
GENUSPAPER,EQ,5.1,5.15,5.05,5.1,5.1,5.05,54136,276309.45,2017-06-28,84,INE949P01018
GENUSPOWER,EQ,46.15,48.0,45.9,47.0,47.0,47.35,192597,9037338.15,2017-06-28,1042,INE955D01029
GEOJITFSL,EQ,98.45,98.45,95.95,97.05,97.0,98.45,311287,30187317.65,2017-06-28,2804,INE007B01023
GEPIL,EQ,623.7,623.7,604.85,614.2,621.5,618.05,8167,5009479.0,2017-06-28,771,INE878A01011
GESHIP,EQ,398.9,398.9,394.55,396.15,397.45,397.75,56301,22332126.2,2017-06-28,6044,INE017A01032
GET&D,EQ,340.8,344.45,333.6,337.7,339.0,340.6,37473,12728009.25,2017-06-28,1964,INE200A01026
GHCL,EQ,225.25,232.9,224.6,230.75,230.7,225.4,99456,22732050.35,2017-06-28,1872,INE539A01019
GICHSGFIN,EQ,547.95,576.55,541.3,573.4,574.0,552.65,274199,155001776.2,2017-06-28,8070,INE289B01019
GILLANDERS,EQ,66.9,66.95,64.7,65.3,64.7,65.95,12568,833049.4,2017-06-28,30,INE047B01011
GILLETTE,EQ,4901.1,4918.7,4870.0,4902.5,4900.0,4906.15,2884,14129278.6,2017-06-28,565,INE322A01010
GINNIFILA,EQ,54.0,63.95,52.65,62.4,62.15,54.25,2546756,152739472.4,2017-06-28,13778,INE424C01010
GIPCL,EQ,110.55,113.5,109.4,111.8,112.5,110.05,226751,25409081.35,2017-06-28,2064,INE162A01010
GITANJALI,EQ,61.2,62.2,60.65,61.55,61.8,61.25,181308,11154090.55,2017-06-28,1574,INE346H01014
GKWLIMITED,EQ,432.0,432.0,418.0,421.05,421.05,420.0,60,25497.5,2017-06-28,12,INE528A01020
GLAXO,EQ,2443.0,2478.9,2432.0,2464.3,2466.8,2475.5,11798,28927288.55,2017-06-28,1556,INE159A01016
GLENMARK,EQ,628.0,633.0,627.15,629.65,629.1,627.9,455621,286953707.6,2017-06-28,8434,INE935A01035
GLOBALVECT,EQ,147.15,166.4,146.55,161.7,162.0,149.05,390982,62833191.2,2017-06-28,5963,INE792H01019
GLOBE,SM,51.0,52.5,50.7,52.0,52.45,50.85,186000,9574200.0,2017-06-28,83,INE581X01013
GLOBOFFS,EQ,33.05,34.2,33.05,33.65,33.8,33.05,34893,1175098.35,2017-06-28,245,INE446C01013
GLOBUSSPR,EQ,68.9,70.95,67.45,68.75,68.55,69.15,75407,5231906.45,2017-06-28,828,INE615I01010
GMBREW,EQ,421.4,437.9,421.4,425.8,425.85,426.1,14717,6313399.05,2017-06-28,746,INE075D01018
GMDCLTD,EQ,137.55,146.9,136.0,145.45,146.8,137.4,726325,103578700.45,2017-06-28,10804,INE131A01031
GMRINFRA,EQ,19.2,20.45,18.8,19.3,19.45,19.25,64165663,1260525287.35,2017-06-28,32237,INE776C01039
GNA,EQ,229.0,236.0,227.15,231.2,231.75,230.95,35674,8269096.4,2017-06-28,1060,INE934S01014
GNFC,EQ,261.7,268.65,259.2,266.5,268.65,262.6,435920,114972196.75,2017-06-28,7933,INE113A01013
GOACARBON,EQ,229.9,254.55,225.6,250.15,254.55,231.45,1773362,431165539.35,2017-06-28,27038,INE426D01013
GOCLCORP,EQ,394.05,412.0,390.2,409.05,409.9,394.45,7264,2936507.85,2017-06-28,321,INE077F01035
GODFRYPHLP,EQ,1220.0,1257.95,1192.0,1222.95,1225.9,1219.4,202975,249567751.9,2017-06-28,9559,INE260B01028
GODREJCP,EQ,974.95,974.95,936.0,939.1,940.0,968.75,633717,600130554.7,2017-06-28,23563,INE102D01028
GODREJIND,EQ,624.0,624.0,609.4,618.2,616.95,619.3,345726,213321725.15,2017-06-28,9027,INE233A01035
GODREJPROP,EQ,512.65,518.0,506.0,509.25,508.1,515.0,174772,89231544.55,2017-06-28,13149,INE484J01027
GOENKA,BZ,0.35,0.45,0.35,0.4,0.4,0.4,6341,2851.25,2017-06-28,7,INE516K01024
GOKEX,EQ,82.15,83.45,81.4,81.55,81.5,82.55,60768,4997863.75,2017-06-28,408,INE887G01027
GOKUL,EQ,26.85,26.85,25.8,26.05,26.0,26.65,13290,348479.1,2017-06-28,66,INE020J01029
GOKULAGRO,EQ,28.5,30.3,27.5,28.05,28.0,28.25,24973,697576.85,2017-06-28,209,INE314T01025
GOLDBEES,EQ,2620.0,2620.0,2595.75,2599.2,2598.0,2607.55,12338,32086516.1,2017-06-28,1257,INF732E01102
GOLDENTOBC,BE,61.0,61.0,60.9,60.9,60.9,64.1,225,13719.5,2017-06-28,5,INE973A01010
GOLDIAM,EQ,81.0,82.5,80.75,82.45,82.5,81.3,4550,372938.4,2017-06-28,82,INE025B01017
GOLDINFRA,EQ,63.5,63.75,63.2,63.2,63.2,66.5,20623,1306234.3,2017-06-28,85,INE260D01016